name,form,train_loss,valid_loss,constants
sr_bl,cube(bl + b) + c,0.5133153928538982,0.5197182858902158,"{""b"": 0.3662407067170128, ""c"": -0.7477137515092451}"
sr_lo,a * cube(rh),0.6216432360541582,0.6211147779761835,"{""a"": 1.369616873214543}"
sr_med,a * cube(rh) + b * thetae + c * thetaestar + d,0.4675832059857807,0.47879383600975634,"{""a"": 1.000000003296316, ""b"": 2.539640902392624, ""c"": -3.7403974478355138, ""d"": -2.86869215757812}"
