name,form,train_loss,valid_loss,constants
sr_bl,a * cube(bl + b) + c,0.6037347102292548,0.6095510975772233,"{""a"": 4.489436749377653, ""b"": -1.3995486069090397, ""c"": 2.5772884530829145}"
sr_lo,a * exp(b * rh) + c,0.6433199739010047,0.6359926456039788,"{""a"": 2.255820705788583, ""b"": 0.6047595200618581, ""c"": -2.115787855687895}"
