name,form,train_loss,valid_loss,constants
sr_bl,cube(bl + a) + b,0.5899240329183364,0.6048184664695346,"{""a"": 0.5575582504861479, ""b"": -0.7477137515092451}"
sr_lo,a * exp(rh) + b,0.6245694539830431,0.6213584771345213,"{""a"": 0.9999999860548355, ""b"": -0.6506558162607472}"
sr_med,"a * cube(max(rh, thetae + b * thetaestar + c))",0.7603825112125835,0.7418182626351179,"{""a"": 1.8844673057094008, ""b"": -1.1107857602089624, ""c"": -3.6490349497758876}"
sr_hi,"a * cube(max(rh, thetae + b * thetaestar + c) + max(lf, shf) * d)",0.9360206150766188,0.9031509147061941,"{""a"": 0.7884170338823064, ""b"": 0.7833591492627265, ""c"": -3.058702271092064, ""d"": 0.2602224861787512}"
