name,form,train_loss,valid_loss,constants
sr_bl,a * cube(bl),0.5752681382164794,0.5796386279013223,"{""a"": 1.706244146936303}"
sr_lo,a * cube(rh),0.6215199265409788,0.6198921775367855,"{""a"": 1.3439103766693383}"
sr_med,a * cube(rh) + b * thetae + c * thetaestar + d,0.46754734046433766,0.4790594911421419,"{""a"": 0.999999999746366, ""b"": 2.6174985176372694, ""c"": -3.8244376205996553, ""d"": -2.9566935834557575}"
