name,form,train_loss,valid_loss,constants
sr_lo,a * exp(rh) + b,0.6245694539830431,0.6213584771345213,"{""a"": 0.9999999860548355, ""b"": -0.6506558162607472}"
