name,form,train_loss,valid_loss,constants
sr_bl,a * cube(bl),0.5752681382164794,0.5796386279013223,"{""a"": 1.706244146936303}"
sr_lo,a * cube(rh),0.6216432360541582,0.6211147779761835,"{""a"": 1.369616873214543}"
sr_med,a * cube(rh) + b * thetae + c * thetaestar + d,0.604920222100638,0.6003176201963358,"{""a"": 1.1957788011156358, ""b"": 0.6047595200618581, ""c"": -2.115787855687895, ""d"": -0.8710365731910734}"
sr_hi,a * cube(rh) + b * thetae + c * thetaestar + d * shf + e * abs(lf - shf) + f,1.2561903999811677,1.1722478966861762,"{""a"": 1.8844673057094008, ""b"": -1.1107857602089624, ""c"": -3.6490349497758876, ""d"": 2.214883401940817, ""e"": 0.25354322475725866, ""f"": -1.8975812444104436}"
