name,form,train_loss,valid_loss,constants
sr_bl,cube(bl + b) + c,0.5133153928538982,0.5197182858902158,"{""b"": 0.3662407067170128, ""c"": -0.7477137515092451}"
sr_lo,a * cube(rh),0.6216432360541582,0.6211147779761835,"{""a"": 1.369616873214543}"
sr_med,a * cube(rh) + b * thetae + c * thetaestar + d,0.5072379057540563,0.4993240115915673,"{""a"": 0.5877491868796408, ""b"": 2.1086578922519967, ""c"": -2.7852629712395944, ""d"": -2.375165008677048}"
sr_hi,"a * cube(rh) + b * thetae + c * thetaestar + d + e * max(shf, lf)",0.46489544174584185,0.45862328440522326,"{""a"": 0.9668441462779672, ""b"": 1.903183687194585, ""c"": -1.9858274995653924, ""d"": -1.8358631087875497, ""e"": -0.3332749913336878}"
