complexity,loss,equation,score
1,0.74139667,bl,0.0
3,0.5562041,bl * 1.881535,0.14370024299108397
5,0.5098586,cube(bl + 0.33915725),0.043500940423824866
6,0.5045578,(10.862091 ^ bl) * 0.20853253,0.010451030262934853
7,0.50215703,cube(bl + 0.29579005) + 0.14578873,0.004769522569021823
9,0.5019545,"cube(max(-0.47342327, bl + 0.2962741)) + 0.14438073",0.00020170070425002122
