complexity,loss,equation,score
1,0.7395219,bl,0.0
3,0.5526808,bl * 1.8769233,0.1456116383185862
4,0.530811,exp(bl) + -0.8393359,0.040374593999993276
5,0.5024943,cube(bl + 0.3390933),0.05482172909433446
6,0.49755156,11.364326 ^ (bl + -0.6596322),0.00988510716577718
7,0.49589986,cube(bl + 0.29883277) + 0.13530539,0.003325178239470445
9,0.49569243,"cube(max(-0.45614251, bl + 0.2997188)) + 0.13433963",0.00020918880180654045
