complexity,loss,equation,score
1,0.71823776,bl,0.0
3,0.54444706,bl * 1.8623192,0.1385149727307411
5,0.50032836,cube(bl + 0.33619225),0.042253053978307586
6,0.49449274,11.047125 ^ (bl + -0.6611203),0.011732133417445006
7,0.49262354,cube(bl + 0.29252365) + 0.14453308,0.003787197662548691
9,0.4924053,"max(cube(bl + 0.29213265) + 0.14628647, 0.041705586)",0.000221556968393935
