complexity,loss,equation,score
1,0.7395219,bl,0.0
3,0.5526808,bl * 1.8771982,0.1456116383185862
5,0.5024943,cube(bl + 0.33925122),0.04759816154716389
6,0.4975514,11.34506 ^ (bl + -0.6596082),0.00988542874054163
7,0.49589983,cube(bl + 0.29861924) - -0.13633074,0.0033249171607926497
9,0.49569207,"cube(max(-0.45815152, bl + 0.29861924)) + 0.13576259",0.00020952168229711315
