complexity,loss,equation,score
1,0.71823776,bl,0.0
3,0.54444706,bl * 1.8619565,0.1385149727307411
5,0.50032836,cube(bl + 0.33629662),0.042253053978307586
6,0.49449244,11.012012 ^ (bl + -0.66079515),0.011732740099943484
7,0.49262384,cube(bl - -0.29305398) + 0.14351629,0.003785981995939092
9,0.49240416,"max(0.0402854, cube(bl - -0.29305398) + 0.14280035)",0.00022301904478057503
