complexity,loss,equation,score
1,0.68361485,bl,0.0
3,0.6269503,cube(bl),0.04326370154597934
5,0.52423394,(bl * 2.9902565) - 1.4435529,0.08946461803504423
6,0.5064076,(3.4038675 ^ bl) + -1.778301,0.03459615645715869
7,0.49589968,cube(bl - -0.29918283) + -0.5038902,0.020968230412752496
9,0.49569157,"max(cube(bl - -0.29924497) + -0.5038902, -0.5991206)",0.0002098747876764178
