complexity,loss,equation,score
1,0.74139667,bl,0.0
3,0.5562041,bl * 1.8814181,0.14370024299108397
4,0.5349337,exp(bl) + -0.83520406,0.03899249923881906
5,0.5098586,cube(bl + 0.33927327),0.0480093816088306
6,0.5045572,exp(bl * 2.386806) * 0.2084628,0.010452219423733967
7,0.50215703,cube(bl + 0.2955881) + 0.14571713,0.00476833340822277
9,0.5019545,"max(cube(bl + 0.2955881) + 0.14560813, 0.03905988)",0.00020170070425002122
