complexity,loss,equation,score
1,0.68361485,bl,0.0
2,0.6339336,bl + -0.25282237,0.07545045714418608
3,0.5253125,(bl * 3.1413167) + -1.5917054,0.18795089348832822
4,0.50713867,(3.533008 ^ bl) - 1.8419482,0.03520884656089833
