complexity,loss,equation,score
1,0.6869288,bl,0.0
2,0.6371429,bl + -0.2838333,0.07523668461789872
3,0.5319172,(bl * 2.75571) - 1.2312982,0.1805061250924894
4,0.5314624,neg(bl + -0.4901413) * -3.1446345,0.0008553860309730278
6,0.5190019,(-0.6297254 + bl) + cube(bl),0.01186245402719909
10,0.51295274,"(min(-2.191351, bl * bl) * (-0.28909224 - cube(bl))) + -0.99141014",0.002930956968704792
