complexity,loss,equation,score
1,0.71823776,bl,0.0
3,0.54444706,bl * 1.8624878,0.1385149727307411
5,0.50032836,cube(bl - -0.3363034),0.042253053978307586
6,0.49449247,(11.005684 ^ bl) * 0.20502858,0.011732679431677039
7,0.4926231,cube(bl - -0.29282796) + 0.14464407,0.0037875448256839642
9,0.4924033,"max(-0.10421181, cube(bl - -0.29286095)) + 0.14464407",0.00022314123118739325
