complexity,loss,equation,score
1,0.74139667,bl,0.0
3,0.5562041,bl * 1.8814944,0.14370024299108397
5,0.5098586,cube(bl + 0.339248),0.043500940423824866
6,0.5045569,10.816189 ^ (bl + -0.6561782),0.010452814004663982
7,0.50215703,cube(bl + 0.29559046) + 0.14568393,0.004767738827292721
9,0.5019545,"max(0.038956147, cube(bl + 0.29559046) + 0.14553218)",0.00020170070425002122
