complexity,loss,equation,score
1,0.6720535,bl,0.0
2,0.6196915,bl + -0.25121054,0.08111617688978681
3,0.6173441,cube(bl),0.0037952065689655836
4,0.5214911,neg((bl + -0.491171) * -2.7722898),0.16873435885080354
6,0.50892025,cube(bl) + (bl - 0.63927454),0.012200441814577415
7,0.4934673,"min(bl, -0.5228317) + cube(bl + 0.31004232)",0.03083472923074597
