complexity,loss,equation,score
1,0.6869288,bl,0.0
3,0.6301202,cube(bl),0.04316002650184431
5,0.53073215,(bl + -0.4758709) * 2.933646,0.08582656323654518
6,0.5128064,(3.3623583 ^ bl) + -1.7529254,0.034359082336688426
7,0.50215703,cube(bl + 0.2956179) + -0.4931449,0.02098550648559136
9,0.5019546,"max(cube(0.2956179 + bl) + -0.4931449, -0.6006765)",0.00020160109363781697
