complexity,loss,equation,score
1,0.71823776,bl,0.0
3,0.54444706,bl * 1.861997,0.1385149727307411
4,0.5233925,exp(bl) + -0.84418464,0.0394390502240045
5,0.50032836,cube(bl + 0.3362185),0.045067057732610716
6,0.4944926,exp((bl - 0.66052747) * 2.3993251),0.011732416535898387
7,0.49262354,cube(bl + 0.29298463) + 0.14379747,0.003786914544095157
9,0.4924032,"max(0.04045651, cube(bl + 0.29298463) + 0.14379747)",0.00022368936266145502
