complexity,loss,equation,score
1,0.7395219,bl,0.0
3,0.55268085,bl * 1.8765628,0.14561159308452176
4,0.5526808,bl / 0.5328086,9.046812875053494e-08
5,0.5024942,cube(bl + 0.3391576),0.09519652210157994
6,0.4975518,11.385462 ^ (bl + -0.6599809),0.00988442579657212
7,0.4958996,cube(bl - -0.2988327) + 0.13597398,0.00332618490096264
9,0.4956923,"max(0.038653545, cube(bl - -0.29964018) + 0.13358577)",0.00020905778175484298
