complexity,loss,equation,score
1,0.74139667,bl,0.0
3,0.5562041,bl * 1.8815066,0.14370024299108397
5,0.5098586,cube(bl + 0.33928102),0.043500940423824866
6,0.5045584,(10.902869 ^ bl) * 0.20803915,0.010449841103549616
7,0.5021578,cube(bl + 0.29635793) - -0.14399184,0.00476917834469721
9,0.5019546,"max(cube(bl + 0.29635793) - -0.14390633, 0.0383945)",0.0002023677854927859
