complexity,loss,equation,score
1,0.7395219,bl,0.0
3,0.5526808,bl * 1.8770765,0.1456116383185862
5,0.5024943,cube(bl + 0.33921325),0.04759816154716389
6,0.4975519,(11.3855915 ^ bl) * 0.20076889,0.009884423819745993
7,0.49589977,cube(bl - -0.2989884) + 0.13608183,0.003326043073772621
9,0.49569228,"max(cube(bl - -0.2989884) + 0.13608183, 0.04036411)",0.00020924936119481316
