complexity,loss,equation,score
1,0.6720535,bl,0.0
3,0.6173441,cube(bl),0.04245569172937617
5,0.5193252,(bl + -0.4769845) * 2.8965392,0.08644814522735642
6,0.50290227,(3.3558137 ^ bl) + -1.7609328,0.032134419548391496
7,0.4926237,cube(bl - -0.2927793) + -0.4950193,0.02065026040002188
9,0.4924036,"cube(max(-0.4692905, bl - -0.2933365)) + -0.49564657",0.00022344558740967316
