complexity,loss,equation,score
1,0.9966985,neg(0.0037187487),0.0
2,0.9901735,lf * 0.03729678,0.006568136706930691
3,0.6647359,"max(-0.5044716, rh)",0.39849036138235716
4,0.63960433,cube(rh),0.03854006812355724
5,0.61889863,cube(rh * 1.1081223),0.03290825565496084
6,0.61351293,(cube(rh) - 0.087215744) * 1.48882,0.008740155414587506
7,0.61297303,(cube(rh) / 0.70051974) - 0.10529512,0.0008804014925262923
8,0.59971535,"max(1.2538005, 1.4955708 - lf) * cube(rh)",0.021865812252681638
11,0.5685252,"min(0.25842306, neg(shf + -0.115789264)) + cube(rh / 0.82532835)",0.01780316219777878
