complexity,loss,equation,score
1,0.9714456,0.61949444,0.0
2,0.8154577,rh,0.17503572066963213
4,0.6466561,rh * 1.9535573,0.11596746382390152
6,0.6134365,exp(rh) - 0.65234953,0.026368934369022896
8,0.5914242,exp((rh * 1.5809828) - 0.8917952),0.01827161393957349
9,0.5884003,(-1.7266353 / (rh + -1.7167344)) - 0.53134465,0.0051260278479906335
