complexity,loss,equation,score
1,0.9714456,0.61950076,0.0
2,0.8154577,rh,0.17503572066963213
4,0.64665616,rh * 1.9541285,0.11596741743139297
5,0.6466561,rh / 0.51186407,9.27850170886208e-08
6,0.6134365,exp(rh) - 0.65237576,0.05273786873804579
7,0.5914231,4.872066 ^ (rh - 0.56468225),0.036545087798005464
8,0.59142303,(4.872066 ^ rh) / 2.4459941,1.1835858993889669e-07
9,0.58936334,((6.0712767 ^ rh) - -0.31380343) * 0.31245983,0.003488678632053142
10,0.5887778,(rh + 4.3939686) ^ (rh - 0.5923643),0.0009940066233691746
