complexity,loss,equation,score
1,0.9966985,0.63499075,0.0
2,0.8386489,rh,0.1726561724977744
4,0.6579877,rh * 1.9739151,0.12130295318331626
6,0.6221037,exp(rh) + -0.64697725,0.028039719520672756
8,0.6002039,exp((rh * 1.5931332) + -0.89545494),0.017918684140462684
9,0.596235,(-1.7316425 / (-1.7165614 + rh)) - 0.52994114,0.006634546165813222
