complexity,loss,equation,score
1,0.9982127,0.64048487,0.0
2,0.84692323,rh,0.16435632685584556
4,0.67114055,rh * 1.9540749,0.11631573723767472
6,0.6358065,exp(rh) + -0.65258867,0.02704215337974158
8,0.61420244,exp((0.56405395 - rh) * -1.5798447),0.01728484555947016
10,0.6121394,exp((0.6417053 - rh) * -1.7894274) + 0.09699395,0.0016822731467464017
