{
  "name": "sr_rh",
  "form": "a * cube(rh) + b",
  "constants": {
    "a": 1.0,
    "b": -0.005595385722817699
  },
  "train_loss": 0.6408759052291776,
  "valid_loss": 0.6257912579644208
}