{
  "name": "sr_thermo_flux",
  "form": "a * cube(rh) + b * thetae + c * thetaestar + d + e * shf + f * abs(lf - shf + g)",
  "constants": {
    "a": 3.688542943473193,
    "b": 1.3406997934744327,
    "c": -1.03428306201147,
    "d": -3.3645658380351975,
    "e": 1.7373343772727363,
    "f": -1.81982612154202,
    "g": 2.1087986326594486
  },
  "train_loss": 1.2322176063536117,
  "valid_loss": 1.1560483896444442
}