{
  "name": "sr_thermo",
  "form": "a * cube(rh) + b * thetaestar - c * thetae + d",
  "constants": {
    "a": 1.0,
    "b": -1.0,
    "c": 1.0,
    "d": 0.4108118894787671
  },
  "train_loss": 0.9950552113285548,
  "valid_loss": 0.9730904676076104
}