{
  "name": "sr_thermo",
  "form": "a * cube(rh) + b * thetae + c * thetaestar + d",
  "constants": {
    "a": 1.2010656947626728,
    "b": 0.6047595200618581,
    "c": -2.115787855687895,
    "d": -0.8710365731910734
  },
  "train_loss": 0.6050582845140573,
  "valid_loss": 0.6003344953357402
}